,State,District,Latitude,Longitude,District code,Population,Households_with_Internet,Housholds_with_Electric_Lighting,sex_ratio,literacy_rate
0,Andhra Pradesh,Adilabad,19.284513950073435,78.81321233480176,532,2741239,5512,566108,100.14931399528476,54.112282803506005
1,Andhra Pradesh,Anantapur,14.312065561843148,77.4601584478577,553,4081148,8606,897970,97.68262940816035,56.62524368143473
2,Andhra Pradesh,Chittoor,13.33109263067696,78.92763898886037,554,4174064,13763,944555,99.69648895514504,63.915598802509976
3,Andhra Pradesh,East Godavari,16.782718320784902,82.2432074720511,545,5154296,22411,1297273,100.58061523422299,63.80264152466215
4,Andhra Pradesh,Guntur,15.884925767634847,80.58657614107885,548,4887813,19383,1186028,100.27744075957553,60.56780404651324
5,Andhra Pradesh,Hyderabad,17.38971555555556,78.46668888888888,536,3943323,149034,869721,95.35181997200995,73.34309160066269
6,Andhra Pradesh,Karimnagar,18.515483193277312,79.43765428571413,534,3776269,8831,926768,100.77993407060826,58.43940143035361
7,Andhra Pradesh,Khammam,17.683921325051784,80.67008643892335,541,2797370,8628,668519,101.10669538486314,58.27738196949277
8,Andhra Pradesh,Krishna,16.143872753151673,81.14805061000413,547,4517398,30438,1163932,99.2347097414411,66.62503503122815
9,Andhra Pradesh,Kurnool,15.43759715142429,77.90086836581717,552,4053463,10081,816721,98.77448660693489,52.47762222080231
10,Andhra Pradesh,Mahbubnagar,16.639546224256293,77.98933089244859,538,4053028,6153,757821,97.67146283675366,47.881386459703705
11,Andhra Pradesh,Medak,17.889304978038055,78.13778901903379,535,3033288,8635,604719,99.1614085080399,53.972356070376435
12,Andhra Pradesh,Nalgonda,17.113250515463907,79.16984453608244,539,3488809,7715,789225,98.25346692639728,57.35536109887357
13,Andhra Pradesh,Nizamabad,18.429485849056604,78.07523490566035,533,2551335,5261,545913,104.00218767815863,54.47383428675576
14,Andhra Pradesh,Prakasam,15.489039001601704,80.11665790176184,549,3397448,6151,763746,98.12918862304085,56.054868242280676
15,Andhra Pradesh,Srikakulam,18.570900998697432,84.25874814010675,542,2703114,3988,615432,101.46362404582715,55.32067829917643
16,Andhra Pradesh,Vizianagaram,18.28329696032972,83.45982854198873,543,2344474,4453,527736,101.85281327137774,52.82157106455435
17,Andhra Pradesh,Warangal,18.01752608695651,79.87422028985509,540,3512576,12952,828077,99.65974736270101,58.78941836418628
18,Andhra Pradesh,West Godavari,16.63297943925236,81.45912990654196,546,3936966,12050,1017568,100.36286501523219,67.37139716218022
19,Arunachal Pradesh,Changlang,27.36048479338845,96.37552644628106,253,148226,170,14593,92.63138743047253,49.3665079000985
20,Arunachal Pradesh,East Kameng,27.371194055944056,93.04741486013997,247,78690,57,5318,102.94003868471953,48.861354682933026
21,Arunachal Pradesh,East Siang,28.15382352941176,95.06499226006191,251,99214,450,14231,97.96871258679862,63.07174390710988
22,Arunachal Pradesh,Kurung Kumey,28.04853351800553,93.24531994459834,256,92076,95,3911,103.17754534622003,39.756288283591815
23,Arunachal Pradesh,Lohit,27.946785273972623,96.59670770547945,259,145726,312,17157,91.1887799950145,56.998751080795465
24,Arunachal Pradesh,Lower Dibang Valley,28.32651730103806,95.76567335640142,258,54080,207,5932,92.77795601183473,58.89238165680474
25,Arunachal Pradesh,Lower Subansiri,27.70849297297297,93.96226108108112,255,83030,381,12493,98.43223478240088,65.1053835962905
26,Arunachal Pradesh,Papum Pare,27.273529716981127,93.54468183962264,248,176573,2477,30539,97.99174721356327,68.55408244748631
27,Arunachal Pradesh,Tawang,27.680683962264148,91.82504245283016,245,49977,96,8635,71.44180302562519,52.169998199171616
28,Arunachal Pradesh,Tirap,26.94406229508198,95.41470327868862,254,111975,98,16026,94.38754253176863,42.843491850859564
29,Arunachal Pradesh,Upper Siang,28.8309244897959,95.00155765306124,252,35320,97,6198,88.88710626236697,51.514722536806346
30,Arunachal Pradesh,Upper Subansiri,28.277196566523585,93.8991435622318,249,83448,139,5373,99.8371569519613,54.25893969897421
31,Arunachal Pradesh,West Kameng,27.46486582278483,92.65015750452083,246,83947,202,14188,81.8806196511754,57.76501840446948
32,Arunachal Pradesh,West Siang,28.106296920289843,94.53510344202908,250,112274,303,14204,93.01677898500894,57.66784829969539
33,Assam,Barpeta,26.427872264631056,90.97912010178116,303,1693622,2078,84804,95.3418900028143,52.9668367557814
34,Assam,Bongaigaon,26.45012521994133,90.6734296187684,319,738804,2523,49866,96.58558131861699,58.75414859692151
35,Assam,Cachar,24.815570668693017,92.86849650455927,316,1736617,5316,140205,95.94362529392384,67.61007176596797
36,Assam,Darrang,26.58463215962442,92.04141338028155,325,928500,1166,45444,95.36140281480328,52.4543887991384
37,Assam,Dhemaji,27.586533438485816,94.71336908517353,308,686133,1192,28195,95.34091200259644,61.65393589872517
38,Assam,Dibrugarh,27.30612284482757,95.0998282327587,310,1326335,8817,136685,96.07751827968436,66.68986342062902
39,Assam,Goalpara,26.017277777777807,90.59869891598912,302,1008183,1364,78641,96.4151009561809,55.90026810608788
40,Assam,Golaghat,26.377219709794485,93.82583397823468,313,1066888,3073,82345,96.42205533902471,67.6513373475004
41,Assam,Hailakandi,24.457496089385486,92.59154664804475,318,659296,1211,44143,95.12148924206103,61.78802844245984
42,Assam,Jorhat,26.76244824016563,94.30197722567289,312,1092256,5651,122063,96.16490512836631,72.7786343128351
43,Assam,Kamrup,26.170939452054807,91.58863273972592,321,1517542,3109,122191,94.94130084872589,65.58757517090137
44,Assam,Karbi Anglong,26.08966454598031,93.11536570271832,314,956313,1923,53918,95.09942529790867,58.26690633715113
45,Assam,Karimganj,24.69660712250711,92.3679498575498,317,1228686,1933,70951,96.31836948602253,64.72744053403392
46,Assam,Kokrajhar,26.497246635730868,90.13997470997688,300,887142,1218,41373,95.87816429494043,55.15520626912039
47,Assam,Lakhimpur,27.14128805970149,94.0775949253732,307,1042137,1948,60296,96.7506428482425,65.58504304136596
48,Assam,Nagaon,26.26462170626351,92.9306191144708,305,2823768,5121,195631,96.21599986658438,60.582739091880065
49,Assam,Nalbari,26.46323767605632,91.40598521126763,323,771639,1631,68313,94.85538097907607,68.91447943921963
50,Assam,Sonitpur,26.73514926829268,92.85197804878044,306,1924110,4358,133368,95.55871304517514,57.614793333021495
51,Assam,Tinsukia,27.53549291139241,95.69055949367085,309,1327929,5135,161718,95.2173599850639,60.11782256430879
52,Bihar,Araria,26.211528119180603,87.30766554934816,209,2811569,2561,43290,92.13459957507963,42.530274021373835
53,Bihar,Aurangabad,24.774291867469877,84.45986024096379,235,2540073,2362,44456,92.6218108356513,57.71495543632014
54,Bihar,Aurangabad,24.774291867469877,84.45986024096379,515,3701282,23258,589477,92.32744201127687,67.64783121091557
55,Bihar,Banka,24.832355642023337,86.8664916342413,225,2034763,1704,62359,90.67441947635737,47.44144649770023
56,Bihar,Begusarai,25.54302613168723,86.12560144032932,222,2970541,4644,120373,89.4888560019392,52.13437552284247
57,Bihar,Bhagalpur,25.277192885375477,87.04213814229242,224,3037766,6764,174534,88.01977887715445,51.78364627163514
58,Bihar,Bhojpur,25.50666439393939,84.49407803030304,231,2728407,3661,62153,90.74700429256562,58.61116028510409
59,Bihar,Buxar,25.48593018867924,84.08808081760995,232,1706352,1784,46760,92.16173391878392,58.00719898356259
60,Bihar,Darbhanga,26.146187719298258,85.97387352472099,215,3937385,6280,127442,91.13992627972829,46.138084032930486
61,Bihar,Gaya,24.7266541547278,84.94291217765044,236,4391418,6856,112617,93.74763408610207,52.32052608064184
62,Bihar,Gopalganj,26.44874364161851,84.34636127167629,217,2562012,3707,69375,102.10465532719186,53.98093373489273
63,Bihar,Jamui,24.78418380462726,86.26316298200514,238,1760405,1839,32633,92.17052520347923,48.77218594584769
64,Bihar,Jehanabad,25.155679045643165,84.9208124481328,239,1125313,1106,27641,92.17001205638151,54.99634323961422
65,Bihar,Katihar,25.56565356037151,87.70466083591326,212,3071029,2941,60900,91.88774266915767,41.68602771253544
66,Bihar,Khagaria,25.53558891454964,86.56593256351037,223,1666886,1580,40641,88.6074230639544,46.07561644887533
67,Bihar,Kishanganj,26.324336758321294,87.95045007235886,210,1690400,1093,58718,94.97791157710186,44.07572172266919
68,Bihar,Lakhisarai,25.183449321266963,86.12825701357468,227,1000912,1186,44491,90.16272596870874,50.68077912943396
69,Bihar,Madhepura,25.77341929460581,86.8978443983403,213,2001762,1397,23236,91.0882346483587,41.692119242946966
70,Bihar,Madhubani,26.41380538172716,86.16328360450552,207,4487379,5319,113281,92.6481756638116,48.03111125670464
71,Bihar,Munger,25.198537962962963,86.54173672839504,226,1367765,2653,90461,87.61153350771768,58.62242417374329
72,Bihar,Muzaffarpur,26.18664417177915,85.32745092024543,216,4801062,10290,180651,89.95322249640653,52.264103233826184
73,Bihar,Nalanda,25.229345508982053,85.48053113772461,229,2877653,4156,101378,92.22028509211387,52.818494794195125
74,Bihar,Nawada,24.825708836206903,85.61594568965519,237,2219146,1841,31162,93.86809100979498,49.163597167559054
75,Bihar,Pashchim Champaran,27.16064352201258,84.30265911949685,203,3935042,3495,57546,90.91858270543543,44.713144103671574
76,Bihar,Patna,25.40297114503818,85.3198433587787,230,5838465,40692,546859,89.65217611625357,59.25665393215511
77,Bihar,Purba Champaran,26.68129336734693,85.00382155612242,204,5099371,7719,74979,90.18923925736487,44.65172273207813
78,Bihar,Purnia,25.81714801901739,87.40447606973065,211,3264619,4170,86058,92.10760458287483,40.81107167482637
79,Bihar,Rohtas,24.99170460829495,83.9350762672811,234,2959918,4594,114893,91.7609193376809,60.806819648382145
80,Bihar,Saharsa,25.821270696721303,86.54670819672135,214,1900661,1668,41342,90.60474902073258,42.35347597493714
81,Bihar,Samastipur,25.793205563909765,85.94833323308269,221,4261566,5379,88021,91.10135726274807,50.28386278659066
82,Bihar,Saran,25.89656077844312,84.82266287425155,219,3951862,4509,94787,95.36390021657873,54.59335371528662
83,Bihar,Sheikhpura,25.12472436548223,85.77839390862943,228,636342,631,20065,92.98120051070076,51.65084184290837
84,Bihar,Sheohar,26.458380748663107,85.29539411764709,205,656246,478,10004,89.29827243540743,43.23043492836528
85,Bihar,Sitamarhi,26.56570069686413,85.61172491289203,206,3423574,3460,66263,89.85554986213796,41.96766303284229
86,Bihar,Siwan,26.1736372013652,84.33766552901022,218,3330464,3834,52935,98.82298861553707,57.95513778260326
87,Bihar,Supaul,26.28157893772896,86.78496465201461,208,2229076,1845,51028,92.94631704958871,46.35476762568885
88,Bihar,Vaishali,25.8134703180212,85.39247597173153,220,3495021,4810,70001,89.47978758874187,55.12813799974307
89,Chandigarh,Chandigarh,30.7426,76.75872465753424,55,1055450,44283,231204,81.76636017793454,76.31228385996495
90,Chhattisgarh,Bastar,19.393866751269048,81.52895126903546,414,1413199,1782,157646,102.32287787746945,46.05600485140451
91,Chhattisgarh,Bilaspur,22.356942982456143,81.99770350877188,30,381956,1574,79146,98.14695690066611,75.3018672307805
92,Chhattisgarh,Bilaspur,22.356942982456143,81.99770350877188,406,2663629,8566,519704,97.07607574576012,59.939278330428145
93,Chhattisgarh,Dhamtari,20.554912627291245,81.7569195519348,412,799781,1016,148926,101.00201811021445,68.37284206551544
94,Chhattisgarh,Durg,21.194463849287164,81.33181639511197,409,3343872,16141,614109,98.79139243125115,68.88355774383709
95,Chhattisgarh,Jashpur,22.77286167664669,83.8703962075848,402,851669,567,76783,100.51206953786607,58.16989933882765
96,Chhattisgarh,Korba,22.491712499999995,82.57604326923074,404,1206640,4544,202380,96.86906014700244,62.05322217065571
97,Chhattisgarh,Koriya,23.50412776859501,82.12515636363635,400,658917,1667,80023,96.84618073293362,60.375282471085136
98,Chhattisgarh,Mahasamund,21.223727037773354,82.65925427435384,411,1032754,961,212487,101.72276728773535,61.772987565286606
99,Chhattisgarh,Raigarh,22.008265068493166,83.27797698630134,403,1493984,3342,297308,99.1240580158288,63.6980717330306
100,Chhattisgarh,Raigarh,22.008265068493166,83.27797698630134,520,2634200,38570,547206,95.94672498502989,73.64642016551515
101,Chhattisgarh,Raipur,20.88603153846152,82.20032759615388,410,4063872,20261,728556,98.41323004844287,64.71042887177549
102,Chhattisgarh,Surguja,23.32719278728607,83.23582493887531,401,2359886,2737,253131,97.78967739448123,50.33891467638691
103,Daman and Diu,Daman,20.431616666666677,72.8392366071429,495,191173,1316,49249,53.35675723373362,78.64499693994445
104,Daman and Diu,Junagadh,20.72568199498111,70.83985639899612,479,2743082,6628,498326,95.32668354747656,67.18056550988997
105,Goa,North Goa,15.548723418714054,73.80667997909038,585,818008,23440,173951,96.31705133712684,81.05788696443066
106,Goa,South Goa,15.195278658183785,73.941792596877,586,640537,17624,138810,98.63891361179422,78.43840402662141
107,Gujarat,Ahmadabad,22.605425564971743,72.23898135593227,474,7214225,126341,1456046,90.44688152297844,75.34780243200066
108,Gujarat,Amreli,21.04832649310872,71.43457637825426,480,1514190,2538,273331,96.38051537580621,65.74201388200952
109,Gujarat,Anand,22.282718206229863,72.57782051557454,482,2092745,9902,378310,92.485173248567,74.12527565470232
110,Gujarat,Banas Kantha,24.258538965517253,71.93205252873561,469,3120506,3424,396873,93.77463317641374,54.63610709288814
111,Gujarat,Bharuch,21.75787276237761,72.67326346710801,488,1551019,10257,309091,92.5040988845821,72.09943914291186
112,Gujarat,Bhavnagar,21.70219390341736,72.16272632761141,481,2880365,7297,500757,93.28701295999667,65.52138357465113
113,Gujarat,Gandhinagar,23.193679790026252,72.67221679790026,473,1391753,12107,262539,92.26719383751643,74.04287973512541
114,Gujarat,Jamnagar,22.410600414263328,69.62062005768233,477,2160119,11573,386538,93.87313856139696,64.65079007221361
115,Gujarat,Junagadh,20.929523011609785,70.54733890140345,479,2743082,6628,498326,95.32668354747656,67.18056550988997
116,Gujarat,Kachchh,23.48057203301311,68.82192301497916,468,2092371,9631,403294,90.78147267758816,59.851670664523645
117,Gujarat,Kheda,22.88765312500002,73.018803515625,483,2299885,5710,372226,93.96412496299739,72.18808766525284
118,Gujarat,Mahesana,23.529355452865065,72.45545194085031,471,2035064,7759,385609,92.61954340665581,73.83772697074883
119,Gujarat,Narmada,21.70666386292833,73.68403208722742,487,590297,576,101940,96.05594414884784,62.73723227460075
120,Gujarat,Navsari,20.866973318871995,72.86184869848157,490,1329672,6726,267679,96.06909822830727,75.35008633708162
121,Gujarat,Panch Mahals,22.80435606837605,73.61984598290586,484,2390776,3456,398937,94.85346315001047,60.26516076788457
122,Gujarat,Patan,23.80634198473284,71.75162977099237,470,1343734,2231,223424,93.5109166658266,62.3570587631183
123,Gujarat,Porbandar,21.55092351651571,69.71896987722886,478,585449,1653,117040,95.01380704775673,67.24377358232742
124,Gujarat,Rajkot,22.40603377715488,70.83679439383323,476,3804558,21785,747352,92.68999642937635,71.62608639426709
125,Gujarat,Sabar Kantha,23.71803594548552,73.13638790459964,472,2428589,5262,438606,95.18795143345568,65.00622377849854
126,Gujarat,Surat,21.25761372772093,72.93488716344339,492,6081322,55694,1252452,78.74549118458984,75.17131965714033
127,Gujarat,Surendranagar,22.82672007299272,71.48358740875906,475,1756268,2975,302068,93.01408809814522,62.269881362070024
128,Gujarat,The Dangs,20.801633877551023,73.6883518367347,489,228291,137,29794,100.57019354952075,61.749258621671466
129,Gujarat,Vadodara,22.26133739279589,73.49433010291594,486,4165626,53606,798277,93.41395602803686,69.45126614823319
130,Gujarat,Valsad,20.44238231644259,72.9148584798345,491,1705678,11020,329218,92.24929048197633,68.63294244282918
131,Haryana,Ambala,30.3503672316384,76.94970310734456,70,1128350,12899,199681,88.46573342709156,72.49745203172775
132,Haryana,Bhiwani,28.728868064516128,76.02110225806452,81,1634445,5292,266244,88.5886471467868,65.45775477302693
133,Haryana,Faridabad,28.14873109756098,77.32718536585368,88,1809733,43437,333171,87.32163004212771,70.32744609287668
134,Haryana,Fatehabad,29.57298318584072,75.54608716814157,78,942011,3210,153301,90.16694928940568,59.19017930788494
135,Haryana,Gurgaon,28.043894789579163,77.01935130260523,86,1514432,67087,305751,85.43535490822711,73.3684972319655
136,Haryana,Hisar,29.23628731117825,75.84324682779452,80,1743931,10132,285004,87.205038419343,63.89650737328484
137,Haryana,Jhajjar,28.59651868131869,76.61137142857145,83,958405,5034,168558,86.21846747508583,70.5433506711672
138,Haryana,Jind,29.45149821958457,76.29598575667653,77,1334152,5263,222462,87.1165179535656,62.41852502563427
139,Haryana,Kaithal,29.96068539094649,76.37698930041155,73,1074304,3724,187349,88.14331973737441,60.18119638389133
140,Haryana,Karnal,29.703200647249204,76.87488025889972,74,1505324,11163,267223,88.70519686302826,64.97026553751883
141,Haryana,Kurukshetra,30.05652659846548,76.78774680306903,72,964655,7356,171908,88.78675319388778,67.05951868802836
142,Haryana,Mahendragarh,28.1352161458333,76.14018072916659,84,922088,2624,135455,89.47078585885568,68.35085154562255
143,Haryana,Panchkula,30.700897142857134,76.97173238095236,69,561293,18615,103455,87.29807560756676,72.2114831291322
144,Haryana,Panipat,29.34352134146342,76.92895914634147,75,1205437,10024,209965,86.35293426522401,65.25426048810515
145,Haryana,Rewari,28.19164714828897,76.55956007604564,85,900332,5121,152651,89.80931198414622,70.74579155244955
146,Haryana,Rohtak,28.892517647058817,76.53123235294117,82,1061204,8482,193120,86.67426589196786,70.44658708410448
147,Haryana,Sirsa,29.63583446327684,74.90970480225988,79,1295189,6287,215527,89.74848443117457,60.446544867196984
148,Himachal Pradesh,Bilaspur,31.3780422907489,76.65316079295157,30,381956,1574,79146,98.14695690066611,75.3018672307805
149,Himachal Pradesh,Bilaspur,31.3780422907489,76.65316079295157,406,2663629,8566,519704,97.07607574576012,59.939278330428145
150,Himachal Pradesh,Chamba,32.66741814595661,76.39354063116366,23,519080,1615,96082,98.63768559620388,62.3876859058334
151,Himachal Pradesh,Hamirpur,31.67668481012659,76.49767088607594,28,454768,2521,104120,109.50292532362833,78.74146817718045
152,Himachal Pradesh,Hamirpur,31.67668481012659,76.49767088607594,168,1104285,1196,55929,86.05158566357278,59.16036168199332
153,Himachal Pradesh,Kangra,32.14093603238864,76.41205910931173,24,1510075,8053,330081,101.18479971116095,76.32998361008559
154,Himachal Pradesh,Kinnaur,31.60667184065933,78.51613736263741,34,84121,354,17865,81.88717593893922,72.15677417054005
155,Himachal Pradesh,Kullu,31.90911922077925,77.40922649350647,26,437903,2623,91322,94.23336231215514,70.26030878984615
156,Himachal Pradesh,Mandi,31.635805940594054,76.96556930693067,27,999777,5333,214491,100.73223374459157,72.39084315802424
157,Himachal Pradesh,Shimla,31.155725451807253,77.62573042168668,33,814010,9177,172754,91.51419046252227,75.26222036584316
158,Himachal Pradesh,Sirmaur,30.682764453961443,77.43184689507493,32,529855,2220,91509,91.77564072402447,68.44230968849968
159,Himachal Pradesh,Solan,31.03864311926604,76.94442140672783,31,580320,5250,119866,87.95545968635224,73.85201268265784
160,Himachal Pradesh,Una,31.58330388349513,76.18353932038836,29,521173,2412,105929,97.64460051878707,76.69526241766171
161,Jammu and Kashmir,Doda,33.359614675767915,76.07163720136518,16,409936,596,61831,91.88077194920452,53.443220405136415
162,Jammu and Kashmir,Jammu,32.713199095022645,74.8477520361991,21,1529958,19905,294739,87.99686909037737,74.32458930245144
163,Jammu and Kashmir,Kargil,33.565994894894914,76.63675315315312,4,140802,235,15824,81.01433438323585,61.246289115211425
164,Jammu and Kashmir,Kathua,32.51781678321678,75.58901398601404,7,616435,1443,109422,89.02728842196935,63.1378815284661
165,Jammu and Kashmir,Pulwama,33.88414418604652,75.00921860465118,12,560440,1537,73629,91.23467911445964,52.451288273499394
166,Jammu and Kashmir,Punch,33.791241290322574,74.29593161290322,5,476835,346,62900,89.29610677295265,54.88774943114495
167,Jammu and Kashmir,Srinagar,34.27312898550724,75.11021159420288,10,1236829,16413,165403,89.95291219491219,60.52445406761969
168,Jammu and Kashmir,Udhampur,33.04770670731707,75.15286951219511,19,554985,1214,73999,86.99963609898109,58.083371622656465
169,Jharkhand,Bokaro,23.6814965034965,85.98398374125864,355,2062330,9754,274726,92.23681426388903,61.75151406418953
170,Jharkhand,Chatra,24.11619945750453,84.93295804701627,347,1042886,590,27037,95.32077874647663,48.908605542695945
171,Jharkhand,Deoghar,24.33070100755672,86.75697632241814,350,1492073,1944,130193,92.52008330086113,53.18359088328788
172,Jharkhand,Dhanbad,23.854509090909097,86.40372924901185,354,2684487,11568,427173,90.93677184776764,64.15393332133849
173,Jharkhand,Dumka,24.275006125574265,87.27662450229711,362,1321442,1193,62110,97.66856041907873,50.88448830898366
174,Jharkhand,Garhwa,24.082114689265527,83.68664265536722,346,1322784,565,29373,93.5097099806166,49.4015651837337
175,Jharkhand,Giridih,24.30578509874329,86.08710915619386,349,2445474,1944,125431,94.37865730650553,51.256934238515726
176,Jharkhand,Godda,24.8189,87.2941735483871,351,1313551,874,43230,93.75994760497812,46.02173802159185
177,Jharkhand,Gumla,23.078532948929148,84.55056787479396,366,1025213,831,31687,99.30655728144015,54.5954840603855
178,Jharkhand,Jamtara,23.97873318077801,86.95325080091534,363,791042,808,49419,95.401032532174,53.89246083014555
179,Jharkhand,Latehar,23.72511185840708,84.48298743362837,359,726978,340,38194,96.65806430669848,48.23832358063105
180,Jharkhand,Lohardaga,23.488796043165483,84.6605169064748,356,461790,351,28769,98.50921424242034,56.239199636198265
181,Jharkhand,Pakur,24.57260428082189,87.69691969178076,353,900422,328,31414,98.91751222217067,39.19062395188034
182,Jharkhand,Palamu,24.196925968109337,84.20310842824594,358,1939869,2155,68238,92.7720505375126,52.81609222066026
183,Jharkhand,Ranchi,23.184235061391547,85.31781937244203,364,2914253,22538,350908,94.94152596397039,65.58912352496506
184,Jharkhand,Sahibganj,24.93667989690721,87.68264097938142,352,1150567,591,34879,95.21285530318583,42.00216067382429
185,Jharkhand,Simdega,22.608760391198054,84.59193691931536,367,599578,423,16865,99.65369003259975,57.28745884605506
186,Karnataka,Bagalkot,16.15860676328503,75.64526070853468,556,1889752,3745,301389,98.898023494097,58.9184189248113
187,Karnataka,Bangalore Rural,12.936827087794448,77.47369314775169,583,990923,3729,214253,94.61458996174181,69.50580418458347
188,Karnataka,Belgaum,16.16107219152853,74.72329042357275,555,4779661,17560,808827,97.25698423854435,63.85457043920061
189,Karnataka,Bellary,15.074377548209377,76.47228471074374,565,2452595,9626,440374,98.2769771551731,57.96395246667305
190,Karnataka,Bidar,17.950361730769224,77.19459961538459,558,1703300,3971,271439,95.6320743339861,61.21487700346386
191,Karnataka,Bijapur,16.84015316666667,75.95909166666665,417,255230,117,12516,98.37093803191283,34.05516592877013
192,Karnataka,Bijapur,16.84015316666667,75.95909166666665,557,2177331,4987,326594,95.9755072356803,57.330190035414915
193,Karnataka,Chikmagalur,13.425288289676422,75.67626502311249,570,1137961,4510,238505,100.8324773835114,71.91327295047897
194,Karnataka,Chitradurga,14.29102220394736,76.57821957236843,566,1659456,5711,307257,97.35622464598028,65.52701608237881
195,Karnataka,Davanagere,14.330414586709884,75.91723841166937,567,1945497,7320,372671,97.23205596107056,67.25993409396159
196,Karnataka,Dharwad,15.343831376975173,75.13831264108359,562,1847023,15013,347962,97.07759019895306,70.47362160622797
197,Karnataka,Gadag,15.507128256880746,75.64861302752298,561,1064570,3373,198064,98.18969481352404,65.77087462543562
198,Karnataka,Gulbarga,17.070459515951594,76.87503850385033,579,2566326,9752,404767,97.1435485171941,55.61912243417243
199,Karnataka,Hassan,12.945098749999998,76.11049549999997,574,1776421,4851,400702,101.02832854457617,68.9732895524203
200,Karnataka,Haveri,14.737582809224318,75.3961230607966,564,1597668,2456,295937,95.04497465597562,67.93920889696733
201,Karnataka,Kodagu,12.39684468085106,75.79336595744688,576,554519,3308,113931,101.93111635494961,74.4567814628534
202,Karnataka,Kolar,13.312799881235172,78.01376947743476,581,1536401,5051,309494,97.88883507900607,66.14282339050807
203,Karnataka,Koppal,15.651253271028034,76.1617048598131,560,1389920,2135,223166,98.58099284781534,58.210904224703576
204,Karnataka,Mandya,12.574901806239744,76.81570098522172,573,1805769,3367,391033,99.51374732759906,63.66534146947921
205,Karnataka,Mysore,12.248100259403367,76.52881802853437,577,3001127,28397,640868,98.53975919555438,65.38143837298455
206,Karnataka,Raichur,16.050795353982295,76.87368606194688,559,1928812,5200,314547,99.97822730896796,50.79650064391967
207,Karnataka,Shimoga,14.063845885634592,75.17882078103197,568,1752753,8791,363835,99.76328191334774,72.058983781514
208,Karnataka,Tumkur,13.592467760074973,77.02297966260545,571,2678980,7971,562769,98.35568646092015,67.68960574547029
209,Karnataka,Udupi,13.450404228534568,74.72009990316337,569,1177361,9070,224814,109.44601881056195,78.68691081155228
210,Kerala,Alappuzha,9.542602965599087,76.38010796263319,598,2127789,28842,507913,110.01883250324238,87.07616215705599
211,Kerala,Ernakulam,10.004879301987431,76.26957729035381,595,3282388,88737,771287,102.67196523493772,86.99995247362591
212,Kerala,Idukki,9.80480963855423,77.04586641566264,596,1108974,8250,244844,100.6074441759164,83.23098647939446
213,Kerala,Kannur,11.941523076923056,75.35209891725934,589,2523003,32653,511167,113.55212172202538,84.75748938863728
214,Kerala,Kasaragod,12.33310309912974,75.07768497134369,588,1307375,10378,237670,107.97772238245153,79.35687924275744
215,Kerala,Kollam,8.929388820570157,76.6360775852431,600,2635375,31542,630767,111.34263268985252,85.00775032016317
216,Kerala,Kottayam,9.643701174068417,76.46059673302705,597,1974551,37849,464039,103.92165975240863,88.61751355118201
217,Kerala,Kozhikode,11.392924270557026,75.71158720159153,591,3086293,36791,641660,109.81745031415242,84.74383345975252
218,Kerala,Malappuram,10.97329875666072,75.93910775606876,592,4112920,27909,730119,109.80774645875589,80.51007556675063
219,Kerala,Palakkad,10.784926903553291,76.49980490693744,593,2809934,27162,587583,106.69212741949482,79.69909613535407
220,Kerala,Thiruvananthapuram,8.537101759082221,76.88711502868073,601,3301427,71621,783872,108.72940004223364,84.36981947503307
221,Kerala,Thrissur,10.458932647907687,76.12321940836945,594,3121200,56148,721625,110.78322459434764,85.81789055491478
222,Kerala,Wayanad,11.715277464788736,76.07587007042254,590,817420,4712,149864,103.49827227372761,78.97837097208289
223,Madhya Pradesh,Anuppur,23.18184220430107,81.86560000000007,461,749237,1290,81338,97.62841783737873,58.27194866243926
224,Madhya Pradesh,Ashoknagar,24.63098846153845,77.82974493927134,459,845071,619,84720,90.40120584809289,55.51119373401762
225,Madhya Pradesh,Balaghat,21.80020720640569,80.42170053380796,457,1701698,1712,277927,102.05918463792689,67.43987476038639
226,Madhya Pradesh,Barwani,21.702135714285724,74.91004719710673,441,1385881,1158,181139,98.16984585466297,39.68060749804636
227,Madhya Pradesh,Betul,21.964626315789477,77.7873428189117,447,1575362,2109,230974,97.10848860661933,59.654162027521295
228,Madhya Pradesh,Bhind,26.35951126187245,78.7618324287653,420,1703005,1166,107819,83.74255402479169,64.29323460588783
229,Madhya Pradesh,Bhopal,23.480726143790854,77.39246623093679,444,2371061,40788,452912,91.81323970779772,70.03995257819179
230,Madhya Pradesh,Burhanpur,21.364567254408065,76.24460478589425,467,757847,986,112420,95.06800444783066,53.92632022030832
231,Madhya Pradesh,Chhatarpur,24.813637376460004,79.56449299191374,425,1762375,1880,176056,88.2635898564395,53.50921341939144
232,Madhya Pradesh,Chhindwara,22.227966971713823,78.76413136439254,455,2090922,3588,344875,96.42882641845503,61.89604394616346
233,Madhya Pradesh,Damoh,23.76624407960196,79.47049303482588,428,1264219,1432,187731,91.0062806610936,59.1444203891889
234,Madhya Pradesh,Datia,25.90226439560441,78.63916571428574,422,786754,616,97696,87.25238422780056,62.46488737267304
235,Madhya Pradesh,Dewas,22.7851110021322,76.46088805970157,437,1563715,3518,270457,94.16372077545542,59.17759949862986
236,Madhya Pradesh,Dhar,22.572681718963157,75.1105620736698,438,2185793,2388,349639,96.43604664225212,49.28819883676084
237,Madhya Pradesh,Dindori,22.83738437047757,81.04332966714911,453,704524,554,62372,100.19834447718611,53.754591752729496
238,Madhya Pradesh,Guna,24.49043927178156,77.2235895968791,458,1241519,2482,144248,91.19058398859188,52.67579473209834
239,Madhya Pradesh,Gwalior,26.04074441964285,78.12782433035713,421,2032036,15779,306859,86.36941027783408,66.79064740978998
240,Madhya Pradesh,Harda,22.227659781121783,77.07022571819435,448,570465,986,95066,93.48421845216696,61.80046102740746
241,Madhya Pradesh,Hoshangabad,22.595268801996703,78.02168094841929,449,1241350,2871,198076,91.35226791013142,65.3034196640754
242,Madhya Pradesh,Indore,22.680265752128648,75.9133801324502,439,3276697,48691,593576,92.78918256770456,70.47127030665331
243,Madhya Pradesh,Jabalpur,23.18525572327043,79.98328754716981,451,2463289,20443,452023,92.85457042241391,71.30580293258323
244,Madhya Pradesh,Jhabua,22.419578015397768,74.40921616766468,464,1025048,744,125411,99.02955790323928,34.34775737331325
245,Madhya Pradesh,Katni,23.724416229116937,80.33819665871127,450,1292042,2179,172416,95.16867493538646,61.20335097465872
246,Madhya Pradesh,Mandla,22.70348712446353,80.38600543633753,454,1054905,912,143803,100.83023652507651,57.347533664168814
247,Madhya Pradesh,Mandsaur,24.19278764044944,75.43588667736759,433,1340411,2324,239885,96.29626375300029,62.26381311403741
248,Madhya Pradesh,Morena,26.37313504531724,77.88447341389724,419,1965970,1781,131486,84.00774229537717,60.00523914403577
249,Madhya Pradesh,Neemuch,24.70311893333336,75.06608186666664,432,826067,1945,145258,95.44803893501287,61.59718279510016
250,Madhya Pradesh,Panna,24.451325840092657,80.21133001158752,426,1016520,653,76097,90.5451000974732,54.35790737024357
251,Madhya Pradesh,Raisen,23.292518206521724,78.16305495923909,446,1331597,1141,194373,90.13090448028008,61.59671432122481
252,Madhya Pradesh,Rajgarh,23.785499026425583,76.66431223922116,442,1545814,1611,231130,95.6201626905185,52.0272814193687
253,Madhya Pradesh,Ratlam,23.503562290502792,75.14895782122909,434,1455069,3644,213825,97.0994566814902,56.75882037209232
254,Madhya Pradesh,Rewa,24.861184625158856,81.57572465057183,430,2365106,3406,251132,93.05411803118113,60.959508791572134
255,Madhya Pradesh,Sagar,23.800318709677374,78.71940357771273,427,2378458,4546,366494,89.32893508255079,64.98828232409402
256,Madhya Pradesh,Satna,24.62777621776502,80.75547048710598,429,2228935,3754,294702,92.56541064972203,61.54423525136444
257,Madhya Pradesh,Sehore,22.9297199679658,77.06780202883085,445,1311332,1566,212138,91.7872650981436,59.509109821158944
258,Madhya Pradesh,Seoni,22.33230487804874,79.66053863928111,456,1379131,1182,228695,98.18546040331725,62.66221265420037
259,Madhya Pradesh,Shahdol,23.44859864559819,81.4596831828442,460,1066063,1733,113184,97.41139696419214,56.67526215617651
260,Madhya Pradesh,Shajapur,23.566620317220547,76.33555181268885,436,1512681,1382,232735,93.80425869932866,59.14082347831433
261,Madhya Pradesh,Sheopur,25.78014810996563,77.16911116838484,418,687861,273,74770,90.13029874179068,47.687686901859536
262,Madhya Pradesh,Shivpuri,25.37802451874367,77.74861600810549,423,1726050,1852,148128,87.65594507471774,52.19118797253846
263,Madhya Pradesh,Sidhi,24.17547189952905,82.1053783359498,462,1127033,837,102228,95.69534928947479,53.306779836970165
264,Madhya Pradesh,Tikamgarh,25.14099852104666,78.89357064846428,424,1445166,1090,132725,90.06464085854634,51.75460812114318
265,Madhya Pradesh,Ujjain,23.319288862745065,75.80383717647058,435,1986864,7501,323379,95.50187003893578,62.45973554304673
266,Madhya Pradesh,Umaria,23.59601063063061,80.90879477477475,431,644758,839,67975,94.98297416791159,55.318739744214106
267,Madhya Pradesh,Vidisha,23.82838307984792,77.9013507604563,443,1458875,1926,181510,89.57064223044617,59.1495501670808
268,Maharashtra,Akola,20.746310479041902,77.12122320359276,501,1813906,6163,314490,94.5553846582877,77.80342531531403
269,Maharashtra,Amravati,21.16520991810736,77.67583503184723,503,2888445,9438,512492,95.0639803129187,77.96149831483721
270,Maharashtra,Aurangabad,20.0979228832952,75.32072196796334,235,2540073,2362,44456,92.6218108356513,57.71495543632014
271,Maharashtra,Aurangabad,20.0979228832952,75.32072196796334,515,3701282,23258,589477,92.32744201127687,67.64783121091557
272,Maharashtra,Bhandara,21.211792649727748,80.10950199637024,506,1200334,2932,227025,98.23193288413265,74.9674673882436
273,Maharashtra,Bid,18.952353340080982,75.69319706477731,523,2585049,5614,402052,91.61200083610925,66.4787011774245
274,Maharashtra,Buldana,20.56680611183355,76.39017880364096,500,2586258,4767,423036,93.35641017973025,72.68702503771858
275,Maharashtra,Chandrapur,20.095609090909075,79.31556380471388,509,2204307,8239,418666,96.14168996488806,71.61502458595831
276,Maharashtra,Dhule,21.274018690400517,74.58719071837263,498,2050862,6065,315332,94.57321463979711,63.09132452597981
277,Maharashtra,Gondiya,21.225008411214997,80.17522698598128,507,1322507,2866,239981,99.90915329663187,75.93479656440381
278,Maharashtra,Hingoli,19.59525302245251,77.09239412780653,512,1177345,1221,159114,94.18714353102621,67.16323592489883
279,Maharashtra,Jalgaon,20.8828943415638,75.55140421810695,499,4229917,14297,720791,92.49951646631305,68.36734621506758
280,Maharashtra,Jalna,19.984612534818933,75.98473607242339,514,1959046,3791,288895,93.68248089667249,61.02577479038267
281,Maharashtra,Kolhapur,16.44881301587301,74.12897150793648,530,3876001,22269,770005,95.69259306755634,72.90619894060914
282,Maharashtra,Latur,18.348687268993856,76.75812607802874,524,2454196,6217,381722,92.76717407355044,67.25917571375717
283,Maharashtra,Nagpur,21.196556862745105,79.02166176470584,505,4653570,57964,917626,95.12028427970944,78.94601349071789
284,Maharashtra,Nanded,19.209316983017,77.6829048951049,511,3361292,7548,488748,94.28591246044246,65.13641183211693
285,Maharashtra,Nandurbar,21.523175625248147,74.32638757443429,497,1648295,2579,186202,97.83417549839768,54.99676938897466
286,Maharashtra,Nashik,20.266912871287143,74.03824168316828,516,6107187,45039,904710,93.43766886081465,71.15167752354725
287,Maharashtra,Osmanabad,18.19459456066944,75.99495575313809,525,1657576,3209,240042,92.39798731334189,68.64300641418554
288,Maharashtra,Parbhani,19.31032425249168,76.70163338870431,513,1836086,3982,272486,94.73373847932378,63.058810970727954
289,Maharashtra,Pune,18.51696171428573,74.12922881632647,521,9429408,235018,1925019,91.49486048733729,76.05698045943076
290,Maharashtra,Raigarh,18.453257637845976,73.0090609418579,403,1493984,3342,297308,99.1240580158288,63.6980717330306
291,Maharashtra,Raigarh,18.453257637845976,73.0090609418579,520,2634200,38570,547206,95.94672498502989,73.64642016551515
292,Maharashtra,Ratnagiri,17.210195070127703,73.25725893866404,528,1615069,7752,367352,112.19608971503874,74.26258568519364
293,Maharashtra,Sangli,17.154930181086502,74.70713822937628,531,2822143,13212,485126,96.56529649070019,72.62094798172878
294,Maharashtra,Satara,17.6737908974359,74.18052064102558,527,3003741,14093,562653,98.81238408781329,74.09740054152472
295,Maharashtra,Sindhudurg,16.170948049777163,73.51329008172343,529,849651,3517,194228,103.59114565861233,78.39301077736623
296,Maharashtra,Solapur,17.837357937584812,75.42394823609216,526,4317756,15145,595560,93.8080267450441,67.41177593175715
297,Maharashtra,Thane,19.698767747440264,72.79882742564581,517,11060148,256170,2231800,88.57631560910187,74.38563209099914
298,Maharashtra,Wardha,20.80743024390242,78.57259105691062,504,1300774,4313,266155,94.61448117477202,78.37318396585418
299,Maharashtra,Washim,20.282282394366213,77.25502394366208,502,1197160,1875,196022,92.99631469832437,72.66505730228207
300,Maharashtra,Yavatmal,20.04258346738159,78.05326371760479,510,2772348,6094,446516,95.24058691587469,72.9552711275785
301,Manipur,Bishnupur,24.50712111801243,93.8246236024845,275,237399,676,34364,99.86109006415114,65.85242566312411
302,Manipur,Chandel,24.2635812987013,94.09443844155844,280,144182,184,18764,93.32788050255434,62.630564148090606
303,Manipur,Churachandpur,24.30309718875504,93.38671506024085,274,274143,837,29894,97.48091053162369,71.4718230996232
304,Manipur,Senapati,25.08465586034914,94.03366234413956,272,479148,256,22798,93.73370046457467,55.19735029677678
305,Manipur,Tamenglong,24.98312942238265,93.49450740072204,273,140651,125,11541,94.34718326401459,60.43753688206981
306,Manipur,Thoubal,24.545392553191498,93.97959893617023,276,422168,880,49507,100.22670682254737,63.79071838699285
307,Manipur,Ukhrul,25.05900314960629,94.44129566929138,279,183998,276,14026,94.25874701746237,70.56000608702269
308,Meghalaya,East Garo Hills,25.82728228228228,90.64684924924916,294,317917,288,24550,97.1908474597297,60.439359958731366
309,Meghalaya,East Khasi Hills,25.303763888888884,91.75922519841272,298,825922,5032,135941,101.07705679137379,69.98602773627533
310,Meghalaya,Jaintia Hills,25.33959557069844,92.37608160136298,299,395124,510,41677,101.30116921822861,47.46029094663954
311,Meghalaya,South Garo Hills,25.240568578553614,90.64560349127176,295,142334,179,10940,94.52507858411917,57.654530892126964
312,Meghalaya,West Garo Hills,25.495285185185185,90.03709947089942,293,643291,1630,51301,98.44921782211816,55.76045677617129
313,Meghalaya,West Khasi Hills,25.500889926739926,91.25364542124538,296,383461,149,32873,97.95111374958057,60.15683472373984
314,Mizoram,Aizawl,23.90781335453101,92.85359459459472,283,400309,4019,79804,100.88774025191951,85.08302336445097
315,Mizoram,Champhai,23.54166580976866,93.24221799485862,284,125745,186,23948,98.37350918154856,80.16382361127678
316,Mizoram,Kolasib,24.2020004347826,92.73470391304348,282,83955,367,14853,95.61722354256955,78.48847596926926
317,Mizoram,Lawngtlai,22.36102843137253,92.66964156862753,287,117894,162,9283,94.5477648146009,53.31993146385736
318,Mizoram,Lunglei,23.007717036172675,92.63512555425892,286,161428,482,26394,94.74731876802065,75.03159303218773
319,Mizoram,Mamit,23.73852942502819,92.4330803833147,281,86364,90,12158,92.65637547961096,69.69454865453199
320,Mizoram,Saiha,22.35744801061008,93.02827931034489,288,56574,168,7400,97.85269636986781,74.650899706579
321,Mizoram,Serchhip,23.263864705882344,92.914158496732,285,64937,131,12315,97.6713037654866,83.89054006190617
322,Nagaland,Dimapur,25.814176811594223,93.75074057971014,265,378811,3303,71413,91.90603564444714,73.39728782955089
323,Nagaland,Kohima,25.60311428571428,93.78600657596373,270,267988,1928,50724,92.84429284861045,73.69322506977925
324,Nagaland,Mokokchung,26.478911764705888,94.522426006192,262,194622,537,40154,92.51968503937007,81.95065306080505
325,Nagaland,Mon,26.69207374301676,95.03072988826828,261,250260,178,14398,89.94633898279356,47.80068728522337
326,Nagaland,Phek,25.63272986577182,94.56814563758392,266,163418,170,36182,95.14228054882199,64.79885936677722
327,Nagaland,Tuensang,26.21104453280316,94.85809880715708,267,196596,155,24998,92.86786418529819,59.77283362835459
328,Nagaland,Wokha,26.202611551155112,94.1990815181518,264,166343,198,25268,96.84397372936513,77.07447863751405
329,Nagaland,Zunheboto,26.028178205128206,94.50026666666668,263,140757,261,28846,97.64522515691479,73.09121393607423
330,Orissa,Baleshwar,21.48570932311624,87.08085828011933,377,2320529,7370,296834,95.69526398923247,69.8647592854905
331,Orissa,Bhadrak,20.95262735257214,86.81496204516931,378,1506337,2637,164636,98.13445400257807,72.635804604149
332,Orissa,Cuttack,20.407640646029623,85.7776810228802,381,2624470,15046,349587,94.00854549217895,76.64286503560719
333,Orissa,Dhenkanal,20.79887159353349,85.53226836027711,383,1192811,1810,117172,94.71508815804293,69.57598479557952
334,Orissa,Gajapati,19.121080882352945,84.14015091911759,389,577817,635,63112,104.26078718334853,45.436011747664054
335,Orissa,Ganjam,19.2632617564534,84.80297710437702,388,3529031,9049,405298,98.34730763740025,62.62483950976912
336,Orissa,Jharsuguda,21.827058566978184,83.93581682242987,371,579505,2498,81433,95.32340153021673,70.03891252016807
337,Orissa,Kalahandi,19.784253092783523,83.1124043814433,395,1576869,1953,91171,100.33883834476134,50.86256372596583
338,Orissa,Kandhamal,20.092878624813142,84.02216352765326,390,733110,768,28736,103.67278334189946,54.53288046814257
339,Orissa,Kendrapara,20.606319815982264,86.83763247572003,379,1440361,1628,173107,100.65936301047347,75.62444414976524
340,Orissa,Khordha,20.054162322274863,85.52234834123229,386,2251673,35701,349860,92.92276742147666,77.7171463174271
341,Orissa,Koraput,18.82627794779476,82.81278469846964,398,1379647,3988,85766,103.24524277079415,41.17647485190052
342,Orissa,Malkangiri,18.25227930367506,81.98293636363628,399,613192,448,24604,101.95768450451874,39.906913332202635
343,Orissa,Mayurbhanj,21.897621545157754,86.4030408052231,376,2519738,2950,140189,100.58206689470654,54.34680113567363
344,Orissa,Nayagarh,20.192895622119817,85.05614700460825,385,962789,1163,124984,91.54795915931211,71.49666230087797
345,Orissa,Nuapada,20.471309512195116,82.59152536585364,394,610382,757,43976,102.13867970141939,49.048464731921975
346,Orissa,Puri,19.83509174603177,85.86698989898981,387,1698730,3416,201605,96.2987358154799,76.05322799974098
347,Orissa,Rayagada,19.292840020060204,83.45860120361095,396,967911,1553,61543,105.08326976862446,42.125257384201646
348,Orissa,Sambalpur,21.515752380952385,84.34958483245157,372,1041099,5231,126498,97.5981111340977,67.59117048426711
349,Orissa,Sundargarh,22.06354819277107,84.50524819277099,374,2093437,12787,223537,97.28058412265219,64.12048702683673
350,Puducherry,Karaikal,10.876161726078813,79.82369793621002,637,200222,1868,47880,104.70713329039249,77.3721169501853
351,Puducherry,Mahe,12.006420793787758,75.28275021570326,636,41816,574,7150,118.44016089432168,87.21541993495313
352,Puducherry,Yanam,16.707695652173904,82.26187304347832,634,55626,207,12859,103.75077835976705,70.60367454068242
353,Punjab,Amritsar,31.548679820627772,74.79883856502238,49,2490656,29961,461231,88.9139022214671,67.6436248120977
354,Punjab,Bathinda,30.190524611973352,75.05685898004438,46,1388525,11284,255650,86.8313515797292,60.84643776669487
355,Punjab,Faridkot,30.591187250996025,74.79751553784862,45,617508,4348,113549,89.03055367632878,61.745758759400694
356,Punjab,Fatehgarh Sahib,30.64290947368421,76.36208394736842,40,600163,5138,113683,87.08614535762715,70.98621541147988
357,Punjab,Firozpur,30.63407535211269,74.40245732394365,43,2029074,10042,349662,89.3434063960091,60.49611793359927
358,Punjab,Gurdaspur,32.04283371212125,75.3204064393939,35,2298323,14428,411216,89.53412330521509,71.12659969899792
359,Punjab,Hoshiarpur,31.55157169811319,75.8469857442349,38,1586625,13747,319930,96.10793800684007,75.61326715512487
360,Punjab,Jalandhar,31.250336907216507,75.54400350515463,37,2193590,39082,446200,91.54461492249027,73.96719532820627
361,Punjab,Kapurthala,31.336592638036837,75.47641165644177,36,815168,9732,161206,91.21439512468596,70.72983728507498
362,Punjab,Ludhiana,30.76596397379912,75.83110851528383,41,3498739,58589,703624,87.31711260638093,73.17564985556224
363,Punjab,Mansa,29.919547714285724,75.4304922857143,47,769751,2673,140099,88.32658074239355,55.025586196055606
364,Punjab,Moga,30.756540067340065,75.1600845117845,42,995746,7897,183396,89.33411925768178,63.057145095235136
365,Punjab,Muktsar,30.31243303303303,74.5518747747748,44,901896,4571,166585,89.62453376841273,58.19384940170485
366,Punjab,Patiala,30.214540380693364,76.27505893949697,48,1895686,24274,352929,89.09171070560048,66.82493830729351
367,Punjab,Rupnagar,30.910937330754347,76.53743500967126,51,684627,6600,129123,91.51209141642308,73.43137211941685
368,Punjab,Sangrur,30.185045204336895,75.89437014178496,53,1655169,10736,305557,88.50960503582456,60.54227695177955
369,Rajasthan,Ajmer,26.199300378787903,74.6990419191919,119,2583052,13499,393498,95.08203778458332,59.10345591184382
370,Rajasthan,Alwar,27.55271738035265,76.65359630562563,104,3674179,9750,485723,89.4858036973202,59.40037216477477
371,Rajasthan,Banswara,23.453642032967014,74.44246868131869,125,1797485,2324,120603,98.01455019752048,46.13907765572453
372,Rajasthan,Baran,24.98023243243244,76.86210651828291,128,1222755,1363,161310,92.88029718666446,56.70040196114512
373,Rajasthan,Barmer,25.77070908045978,71.50297126436782,115,2603751,2766,126494,90.1905886099712,45.63884949060029
374,Rajasthan,Bharatpur,27.32411858037578,77.21752077244258,105,2548462,4179,288723,87.97765920252323,58.108341423179944
375,Rajasthan,Bhilwara,25.45119767759564,74.63947595628417,122,2408523,6207,373644,97.3008906102548,52.15337366510513
376,Rajasthan,Bikaner,28.12489068322981,73.26943322981371,101,2363937,7607,220793,90.51701280060219,54.09623860534354
377,Rajasthan,Bundi,25.48580716049379,75.79984074074079,121,1110906,1392,136969,92.47799570309793,52.66368171564471
378,Rajasthan,Chittaurgarh,24.631623761665463,74.80010997846382,126,1544338,4941,268172,97.19039647790841,53.215358295917085
379,Rajasthan,Churu,28.29330375536484,74.65846427038629,102,2039547,2577,231696,93.97543953755114,56.34922852966859
380,Rajasthan,Dausa,26.91234817629181,76.57342097264443,109,1634409,1719,195277,90.53786079761059,57.39389589753849
381,Rajasthan,Dhaulpur,26.72397054945053,77.74476219780222,106,1206516,1330,96086,84.5821980365549,56.617400846735556
382,Rajasthan,Dungarpur,23.75104807692308,73.84765641025645,124,1388552,1477,141275,99.35221928066478,49.086458411352254
383,Rajasthan,Ganganagar,29.256785412667963,73.56192303262948,99,1969168,6295,283142,88.73694097801292,60.6013808877658
384,Rajasthan,Hanumangarh,29.1813351791531,74.74632573289902,100,1774692,3360,243163,90.58446021409303,58.271294399253506
385,Rajasthan,Jaipur,27.033459290187885,75.77117286012533,110,6626178,76565,990085,91.03833436115309,64.90868491610095
386,Rajasthan,Jaisalmer,26.86900838548185,71.18371877346682,114,669919,754,43141,85.20989306291263,46.07318198170226
387,Rajasthan,Jalor,25.07578093797277,72.18647261724662,116,1828730,1585,161845,95.24488754412076,45.36383173021715
388,Rajasthan,Jhalawar,24.24725541474657,76.11242891705065,129,1411129,1750,220428,94.60009956656825,52.42554011716859
389,Rajasthan,Jhunjhunun,28.13517401247401,75.52840893970894,103,2137045,4828,297559,95.0043617277552,64.12405915645202
390,Rajasthan,Jodhpur,26.678460838536967,73.00450847457628,113,3687165,19335,408808,91.64776436540245,55.09739867893083
391,Rajasthan,Karauli,26.51901555555556,76.96081818181815,107,1458248,1059,132079,86.08670574078116,55.26145072717398
392,Rajasthan,Kota,25.175718080000014,76.18618928000001,127,1951014,12843,339899,91.05841292411286,66.5471903328218
393,Rajasthan,Nagaur,27.07862016048146,74.14215667001012,112,3307743,4449,347344,94.99465019969641,53.16688751211929
394,Rajasthan,Pali,25.80490393541874,73.55285640766907,118,2037573,4043,326793,98.70580112383,53.28363695435697
395,Rajasthan,Rajsamand,25.24894767441859,73.96570215946844,123,1156597,1989,193276,98.95396661844465,53.53109164211908
396,Rajasthan,Sawai Madhopur,26.251081180223288,76.4219283891548,108,1335551,1887,140947,89.70059557036551,55.53872521528568
397,Rajasthan,Sikar,27.64644058641976,75.29317422839503,111,2677333,5647,339457,94.71654339304287,61.7075649536311
398,Rajasthan,Sirohi,24.7976905263158,72.75309131578943,117,1036346,2146,134089,93.98836832755867,46.008379440843115
399,Rajasthan,Tonk,26.153935071707927,75.79192216427637,120,1421326,1908,158264,95.20062186184998,52.743635168849366
400,Rajasthan,Udaipur,24.44076752136749,73.84029839743584,130,3068420,14211,357846,95.83980352322982,51.57797824287418
401,Sikkim,East,27.29600352941175,88.74908392156858,93,1709346,80037,352758,88.35768595041323,79.15296259505097
402,Tamil Nadu,Ariyalur,11.190514836795256,79.22249643916912,616,754894,1749,177502,101.46462665097424,63.66509735141622
403,Tamil Nadu,Chennai,13.058098905608748,80.28139151846806,603,4646732,217368,1096334,98.93160673401134,81.267350903818
404,Tamil Nadu,Coimbatore,10.871376995940452,77.07619012178621,632,3458045,63273,896325,99.9682529952923,76.22535276435094
405,Tamil Nadu,Cuddalore,11.57587300613498,79.63002365371497,617,2605914,15396,598412,98.66737516362392,69.66005017817164
406,Tamil Nadu,Dharmapuri,12.300141200000006,78.11509813333339,630,1506843,3651,337972,94.60637502373102,60.902761601573616
407,Tamil Nadu,Dindigul,10.377801390820574,77.78011279554937,612,2159775,9155,500057,99.80563177536547,68.61057286059891
408,Tamil Nadu,Erode,11.267012155963302,77.42034334862392,610,2251744,18604,595211,99.29266073559036,66.28915187516876
409,Tamil Nadu,Kancheepuram,12.496424756511884,80.08820360135913,604,3998252,100322,961161,98.6257040633734,75.36748559120335
410,Tamil Nadu,Kanniyakumari,8.183466300191206,77.32053064053538,629,1870374,15673,465692,101.90900798298689,82.8036531731087
411,Tamil Nadu,Karur,10.79532776617955,78.08749686847604,613,1064493,4915,264949,101.53828968692729,68.29955669036809
412,Tamil Nadu,Madurai,9.904313833333331,78.01366033333332,623,3038252,34097,754141,99.03712802371477,74.82690705050142
413,Tamil Nadu,Nagapattinam,10.789468161718286,79.79437299431483,618,1616450,5585,381940,102.53042435602353,75.0414797859507
414,Tamil Nadu,Namakkal,11.33766638477801,78.14624841437633,609,1726601,8960,441044,98.62426375851278,68.11828557958671
415,Tamil Nadu,Perambalur,11.260137758112096,78.86034011799416,615,565223,1507,135751,100.32216106635667,66.49110174214425
416,Tamil Nadu,Pudukkottai,10.130514816433578,79.05444484265728,621,1618345,4494,354493,101.49018660637361,68.62226533897284
417,Tamil Nadu,Ramanathapuram,9.31286995153476,78.99185362412462,626,1353445,5172,291400,98.26106190801251,72.32994321897085
418,Tamil Nadu,Salem,11.629324202127655,78.2478257978723,608,3482056,20660,835377,95.44862371468777,65.63828956225862
419,Tamil Nadu,Sivaganga,9.960306580645158,78.56535729032255,622,1339101,5773,314270,100.26275961906586,71.67077016595462
420,Tamil Nadu,Thanjavur,10.387692255892237,79.3194869107745,620,2405890,13495,555582,103.47238197047402,74.44222304427883
421,Tamil Nadu,Theni,9.924066666666668,77.43458833333332,624,1245899,4667,312310,99.12623485055532,69.83551636208072
422,Tamil Nadu,Thiruvallur,13.275858101752885,80.19724702864492,602,3728104,75634,909400,98.7196585187483,74.88313094269903
423,Tamil Nadu,Thiruvarur,10.368927409395978,79.60322893959727,619,1264277,4416,303114,101.7378525051341,74.86262899665184
424,Tamil Nadu,Tiruvannamalai,12.419318947368414,79.23265631578953,606,2464875,6445,549077,99.44145469374676,65.9998174349612
425,Tamil Nadu,Vellore,12.784882632293078,79.02643283582084,605,3936331,20623,865913,100.66040063455554,70.46988680575896
426,Tamil Nadu,Virudhunagar,9.468872195892564,77.87641469194315,625,1942288,10219,505950,100.70992416108562,72.01753807880192
427,Tripura,Dhalai,23.781360477941163,91.94654283088232,291,378230,273,46875,94.41874331770704,73.0288448827433
428,Tripura,North Tripura,24.121739755351683,92.17842538226292,292,693947,997,81601,96.66354928300176,74.99160598720074
429,Tripura,South Tripura,23.211874098057383,91.6065807585568,290,876001,948,133744,95.73516793879485,73.83667370242728
430,Tripura,West Tripura,23.780166241299337,91.41310788863107,289,1725739,6394,314567,96.2342568123826,78.88527755355823
431,Uttar Pradesh,Agra,26.99512974910393,78.05278291517321,146,4418797,27183,536402,86.8450239814491,60.66153299189803
432,Uttar Pradesh,Aligarh,27.93748576850093,78.00146831119557,143,3673889,13634,268120,88.21191231949246,56.957817723943215
433,Uttar Pradesh,Allahabad,25.392038662316445,82.05172446982063,175,5954391,24122,391542,90.1263711333425,61.56342437035123
434,Uttar Pradesh,Ambedkar Nagar,26.39119025974028,82.68282142857147,178,2397888,2509,99581,97.77863923920125,62.010360784156724
435,Uttar Pradesh,Auraiya,26.66892394014961,79.42637057356607,162,1379545,2404,65479,86.4149235176477,67.47413096346983
436,Uttar Pradesh,Azamgarh,26.008290954773837,83.01220251256285,191,4613913,6652,183381,101.92144083774033,60.077357332051996
437,Uttar Pradesh,Baghpat,29.045793499999988,77.30266300000001,139,1303048,2989,119121,86.13110117559673,61.23872643218055
438,Uttar Pradesh,Bahraich,27.691776300578027,81.46779783237004,180,3487731,2681,85814,89.15132405292306,40.09391779354543
439,Uttar Pradesh,Ballia,25.86075638297873,84.03651978723408,193,3239774,4672,119972,93.66191205462125,60.608857284489595
440,Uttar Pradesh,Balrampur,27.449076537911324,82.47158326180256,182,2148665,1551,57400,92.75361278741497,40.413791819571685
441,Uttar Pradesh,Banda,25.351885902503284,80.52487391304344,170,1799410,1655,73522,86.29824118209791,55.73699156945888
442,Uttar Pradesh,Bara Banki,26.922777025232424,81.35762350597606,176,3260699,3159,108116,91.01110497324953,51.90476029832867
443,Uttar Pradesh,Bareilly,28.51101940789474,79.43187072368416,150,4448359,15164,272830,88.67646591012718,49.271180675840235
444,Uttar Pradesh,Basti,26.833880454545447,82.69790590909092,185,2464464,3423,108101,96.32908246180908,56.55521849781535
445,Uttar Pradesh,Bijnor,29.313974259681096,78.45098815489754,134,3682713,7303,268353,91.68666703101943,57.984236078130444
446,Uttar Pradesh,Bulandshahr,28.34875862068968,78.01082758620684,142,3499171,7865,223922,89.6302418087424,58.0610664640282
447,Uttar Pradesh,Chandauli,25.1180859611231,83.25307062634984,196,1952756,3492,99602,91.84069240253265,60.15119144429719
448,Uttar Pradesh,Chitrakoot,25.159924623803,81.07666087551297,171,991730,827,41046,87.92695382598001,53.55005898782935
449,Uttar Pradesh,Deoria,26.42218856548857,83.8244070686071,190,3100946,4469,150001,101.6959405139466,60.47312658782191
450,Uttar Pradesh,Etah,27.591155309734443,78.70021858407083,201,1774480,2635,69591,87.31203930166498,59.4654208556873
451,Uttar Pradesh,Etawah,26.78817670157068,79.07621806282728,161,1581810,2964,113098,87.00700828509818,67.13846795759288
452,Uttar Pradesh,Faizabad,26.60589185185181,82.00783530864202,177,2470996,4746,127754,96.1687101271169,58.71725409510983
453,Uttar Pradesh,Farrukhabad,27.45063297872342,79.4406284574468,159,1885204,2624,88081,87.35132771505803,57.96067693469779
454,Uttar Pradesh,Fatehpur,25.8374362030905,80.85416203090509,172,2632733,3385,75263,90.12718798430298,57.437119525603244
455,Uttar Pradesh,Firozabad,27.20963993055552,78.42660624999998,147,2498156,5834,196080,87.54277254689401,60.91717250644075
456,Uttar Pradesh,Gautam Buddha Nagar,28.393311038961038,77.52462467532465,141,1648115,53181,257586,85.13694459983779,68.13523328165813
457,Uttar Pradesh,Ghaziabad,28.74997308584685,77.67441879350343,140,4681645,78116,695130,88.10595644386086,66.71296093573946
458,Uttar Pradesh,Ghazipur,25.624724775583484,83.5360854578097,195,3620268,5309,105767,95.15480506178996,60.70127957377741
459,Uttar Pradesh,Gonda,27.157215552099505,82.0226888024882,183,3433919,4313,104084,92.1454094964821,48.92351858037421
460,Uttar Pradesh,Gorakhpur,26.63315886792452,83.3549560377358,188,4440895,14597,296619,94.96618852503998,60.805941144746726
461,Uttar Pradesh,Hamirpur,25.738158381502892,79.82619479768789,28,454768,2521,104120,109.50292532362833,78.74146817718045
462,Uttar Pradesh,Hamirpur,25.738158381502892,79.82619479768789,168,1104285,1196,55929,86.05158566357278,59.16036168199332
463,Uttar Pradesh,Hardoi,27.337409090909137,80.26411767676768,155,4092845,3845,95508,86.76492464778899,54.28011566526463
464,Uttar Pradesh,Jalaun,26.067954587155988,79.36686911314993,165,1689974,2217,104176,86.51240712863594,63.622043889432625
465,Uttar Pradesh,Jaunpur,25.70141280913127,82.54315351934063,194,4494204,8002,181467,102.39922718889962,60.782220833767234
466,Uttar Pradesh,Jhansi,25.45581535234902,78.89954580536917,166,1998603,8517,183340,89.00463006744617,65.27124196251081
467,Uttar Pradesh,Jyotiba Phule Nagar,28.870498984771597,78.39009365482241,137,1840221,2825,89329,91.00346774972002,53.42347468048675
468,Uttar Pradesh,Kannauj,26.993988617886185,79.64437940379408,160,1656616,2488,61491,87.8726570013246,61.3954591770211
469,Uttar Pradesh,Kanpur Dehat,26.43047641196011,79.98710083056478,163,1796184,2682,49753,86.47024931093013,65.15162143744739
470,Uttar Pradesh,Kaushambi,25.53587532051282,81.41811282051287,174,1599596,1503,43753,90.77216646690161,50.851840089622634
471,Uttar Pradesh,Kushinagar,26.892530675909864,83.92261542461007,189,3564544,3486,127331,96.06359543578165,54.84067527291009
472,Uttar Pradesh,Lalitpur,24.58877161016945,78.60082330508473,167,1221592,1079,77082,90.5727046805749,52.48814661523651
473,Uttar Pradesh,Lucknow,26.838233589251463,80.89706026871404,157,4589838,68506,582769,91.68444369457033,68.13443088841044
474,Uttar Pradesh,Mahoba,25.34529670138888,79.67863003472216,169,875958,1316,42936,87.82952152638101,55.72253464207188
475,Uttar Pradesh,Mainpuri,27.17386862302482,79.03501851015807,148,1868529,2642,79022,88.09867754135641,64.42955929503904
476,Uttar Pradesh,Mathura,27.59390432801821,77.62153416856502,145,2547184,8726,281239,86.31683276949803,59.19266138606398
477,Uttar Pradesh,Mau,26.01082203791469,83.50582654028433,192,2205968,2656,149908,97.89631195226737,61.788928941852284
478,Uttar Pradesh,Meerut,29.02957625698323,77.80611005586593,138,3443689,23717,425624,88.61849668874535,62.18587102377712
479,Uttar Pradesh,Mirzapur,25.10207959183675,82.60126628571429,199,2496970,4447,145997,90.27403753099516,57.216666599919094
480,Uttar Pradesh,Moradabad,28.851770406189537,78.73580193423597,135,4772006,11690,281758,90.63729183528511,47.44017505426439
481,Uttar Pradesh,Muzaffarnagar,29.470507977736563,77.64017847866423,133,4143512,10077,368153,88.90525085322831,58.34034027173084
482,Uttar Pradesh,Pilibhit,28.52024175035868,79.90103974175037,151,2031007,2870,83006,89.45925474019639,52.24477315932441
483,Uttar Pradesh,Pratapgarh,25.864842731707316,81.93530048780492,131,867848,716,71612,98.25468767133302,46.26559028770015
484,Uttar Pradesh,Pratapgarh,25.864842731707316,81.93530048780492,173,3209141,5149,140538,99.81140475130519,60.18928429757371
485,Uttar Pradesh,Rae Bareli,26.253902840059787,81.22260463378181,158,3405559,5184,247856,94.32110614182142,57.72453215463306
486,Uttar Pradesh,Rampur,28.83244727272725,79.10977333333337,136,2335819,3847,131112,90.852193295307,44.68094488485623
487,Uttar Pradesh,Saharanpur,30.03381165217392,77.59905147826095,132,3466382,9699,404499,88.99572870924581,59.92149739988264
488,Uttar Pradesh,Sant Kabir Nagar,26.791596516393444,83.0387764344262,186,1715183,2031,79525,97.22545466253322,55.67621647369406
489,Uttar Pradesh,Shahjahanpur,27.991389350649328,79.8302275324675,152,3006538,3889,115163,87.15963553354918,49.589594410581206
490,Uttar Pradesh,Sitapur,27.501995963091108,80.85288881199547,154,4483992,3874,102040,88.77867891737507,50.93080005495103
491,Uttar Pradesh,Sonbhadra,24.46693268858798,83.06816324951639,200,1862559,5149,95582,91.75070829695761,52.92224300008751
492,Uttar Pradesh,Sultanpur,26.2846386419753,82.05710456790123,179,3797117,5956,233701,98.32574770733726,58.9895439092343
493,Uttar Pradesh,Unnao,26.63163990895297,80.636773292868,156,3108367,3476,99466,90.68718418096702,57.05838467594078
494,Uttar Pradesh,Varanasi,25.36057088888889,82.82529666666672,197,3676841,19214,336056,91.31709591296334,65.37957447711229
495,Uttaranchal,Almora,29.683532133676103,79.50165064267351,64,622506,1830,109876,113.86005957104723,70.11932415109253
496,Uttaranchal,Bageshwar,29.98703393393397,79.83954354354357,63,259898,435,47083,109.04557373357142,69.0590154599112
497,Uttaranchal,Chamoli,30.58338611464965,79.56281095541402,57,391605,899,71524,101.86761241500895,71.6425990475096
498,Uttaranchal,Champawat,29.29142393939393,80.07720212121217,65,259648,548,37725,98.01563393708294,68.44882302193739
499,Uttaranchal,Pithoragarh,30.14720631868129,80.34229230769236,62,483439,1344,95421,102.01708273089685,71.47747699296086
500,Uttaranchal,Tehri Garhwal,30.463700918635173,78.48783792650917,59,618931,1366,117239,107.7047243830247,65.91914122898999
501,Uttaranchal,Udham Singh Nagar,29.02779577677222,79.45629004524895,67,1648902,7883,254802,92.00449939041644,62.94121785284996
502,Uttaranchal,Uttarkashi,30.968958552036234,78.56880615384617,56,330086,602,52621,95.78402937181562,65.17271256581618
503,West Bengal,Bankura,23.081280892857155,87.12640053571437,339,3596674,4273,334670,95.67399943963724,62.08491511880143
504,West Bengal,Barddhaman,23.444453888888884,87.8150581111111,335,7717563,32323,1049943,94.54950718308478,67.99047834141425
505,West Bengal,Birbhum,24.06389342723,87.65153089201888,334,3502404,5210,333752,95.5645143278315,61.62758493880204
506,West Bengal,Dakshin Dinajpur,25.342094363021435,88.69821679819614,331,1676276,2518,168069,95.55272462987008,64.64836339600399
507,West Bengal,Darjiling,26.839619571045585,88.33145067024122,327,1846823,10943,297176,97.04510706218879,71.23503443481049
508,West Bengal,Haora,22.401674174428507,87.99421176968654,341,4850029,30751,796953,93.93762603371135,74.33369986035136
509,West Bengal,Hugli,22.87929264705881,88.00010264705891,338,5519145,31725,965258,96.08616053204427,73.89528631699294
510,West Bengal,Jalpaiguri,26.62642031250004,89.04154375000003,328,3872846,9322,382500,95.29606709617036,64.5205102397565
511,West Bengal,Kolkata,22.550581481481483,88.3527648148148,342,4496694,136618,927602,90.79934113102446,79.79500050481532
512,West Bengal,Maldah,25.08026802575105,88.17191684549356,332,3988845,5357,297716,94.43164918468605,52.30667022659442
513,West Bengal,Murshidabad,24.25950655391121,88.16816860465121,333,7103807,7951,541169,95.82857807608633,57.09380899565543
514,West Bengal,Nadia,23.56410971055088,88.58293034547152,336,5167600,12787,623729,94.72689398621131,67.35341357690223
515,West Bengal,Puruliya,23.254192328767108,86.3968532876713,340,2930115,3551,189889,95.73298793049547,55.455331957960695
516,West Bengal,Uttar Dinajpur,26.044619165196977,88.23595232216337,330,3007134,2883,199307,93.87530898104916,49.53776585945289
